{"cameraMode":{"drawMode":0,"name":"Shaded","section":"Shading Mode"},"sceneLighting":false,"audioPlay":false,"sceneViewState":{"showFog":true,"showMaterialUpdate":true,"showSkybox":true,"showFlares":true,"showImageEffects":true,"showParticleSystems":true},"in2DMode":false,"pivot":{"x":0.826515793800354,"y":0.08274269104003906,"z":-0.39206695556640627},"rotation":{"x":-0.3929063677787781,"y":-0.009105897508561612,"z":0.003890746273100376,"w":-0.9195252060890198},"size":13.969058990478516,"orthographic":false}