{"cameraMode":{"drawMode":0,"name":"Shaded","section":"Shading Mode"},"sceneLighting":false,"audioPlay":false,"sceneViewState":{"showFog":true,"showMaterialUpdate":true,"showSkybox":true,"showFlares":true,"showImageEffects":true,"showParticleSystems":true},"in2DMode":false,"pivot":{"x":0.9993515014648438,"y":0.000014066696166992188,"z":0.0728098601102829},"rotation":{"x":-0.12737762928009034,"y":-0.6925098299980164,"z":0.12623704969882966,"w":-0.6987627148628235},"size":10.525785446166993,"orthographic":false}