{"cameraMode":{"drawMode":0,"name":"Shaded","section":"Shading Mode"},"sceneLighting":false,"audioPlay":false,"sceneViewState":{"showFog":true,"showMaterialUpdate":true,"showSkybox":true,"showFlares":true,"showImageEffects":true,"showParticleSystems":true},"in2DMode":false,"pivot":{"x":1.0,"y":0.5637515187263489,"z":5.960464477539063e-8},"rotation":{"x":-0.20288783311843873,"y":0.006460166070610285,"z":-0.0013388646766543389,"w":-0.9791797399520874},"size":2.303957462310791,"orthographic":false}