{"cameraMode":{"drawMode":0,"name":"Shaded","section":"Shading Mode"},"sceneLighting":true,"audioPlay":false,"sceneViewState":{"showFog":true,"showMaterialUpdate":true,"showSkybox":true,"showFlares":true,"showImageEffects":true,"showParticleSystems":true},"in2DMode":false,"pivot":{"x":7.266886234283447,"y":1.1761891841888428,"z":5.899176120758057},"rotation":{"x":-0.296620637178421,"y":-0.32570815086364748,"z":0.10841008275747299,"w":-0.8911664485931397},"size":1.0705692768096924,"orthographic":false}